id,t,y,x,w
0,0,-3.3530067919850435,-0.6499424764270612,-0.1184686211424588
0,1,-3.005931209728385,1.2318632871541877,1.4013716329529833
0,2,-3.9349849475914223,-0.8499680413543697,-0.2297450326564238
0,3,-4.5879913421117005,0.3400415209219085,1.4525235360533466
0,5,-5.565207080528766,0.1871607525036801,3.181162641562456
0,7,-3.400121822562048,0.2873512285829209,-0.2907799801855261
0,9,-4.469077581095231,-0.3143620455077572,-0.8587623009031562
0,10,-6.105050563785695,-1.5706358001701564,1.4786286309684138
0,11,-4.360245577671641,1.0067148072164072,1.4269240690453595
0,12,-4.203316737100694,0.0170071556590578,0.8278623656023424
0,13,-1.8661427869239864,0.901608135532904,-1.6080258870749669
1,0,-0.139740418249819,-0.8726815035168907,-0.2808699528391934
1,1,1.2309657217390546,1.329330323989571,-0.0392802783464888
1,2,-1.1768565324696434,-2.229919733346037,0.974657641327214
1,3,-0.7248268154947785,-0.2395776101836211,0.9233947557621272
1,4,-1.6296857875988289,-2.100455139326143,1.1323681869132436
1,5,1.1444716538524178,1.0933550911888614,-0.4576354162360529
1,6,1.5121743833318466,-0.0476030123752445,-0.3556560142637335
1,7,1.4072874986172756,0.1030477507243478,-0.2340431024953469
1,8,1.4044566743610036,0.1544344398414209,-1.6784273476380809
1,9,2.365398770160957,1.5265013309782771,0.2361843256195483
1,10,2.47694895247393,0.5227655683187659,-0.090489701845584
1,11,3.2869452636002205,0.97909944721957,-0.7389440428373178
1,12,3.1538750181321062,1.7848633183176967,1.2793263173973033
1,13,1.7868339820533834,0.1981370604474804,1.8744885666933329
2,0,-1.348169345471708,0.3242632454942041,-0.2340937982677388
2,1,-2.63244659134638,-0.2161891200802538,0.8480554700825544
2,2,-4.028060543442124,-1.6875291494950089,0.1038419205763563
2,3,-2.93349428759643,0.5453243713935192,1.222710377905622
2,4,-3.693332929588554,-1.1415531581837464,-1.900914445714004
2,5,-3.5814350102030463,-0.3089088323589062,-0.9225040802778284
2,6,-5.475343720428302,-2.3489775954012493,0.6624596747168545
2,7,-3.3453119282416908,-0.0815758717518588,-0.5540345000761251
2,8,-2.0425626755780857,0.8459351111859073,-1.6796817275544746
2,9,-2.2781486742214936,0.2557736985783173,-0.1537194172557215
2,10,-2.31598943403372,-0.0186661985324703,-0.962869599967575
2,11,-1.6848076198424855,0.6300789811866501,-1.0628031630818289
2,12,-2.285468903529474,0.0110268696535873,0.4227181092269864
2,13,-3.4685867836627784,-0.8305191009704815,0.421451501038255
3,0,-0.3922310212046895,-0.2224502150528483,-0.4267580510099323
3,1,-2.0370782812563704,-1.080261175766689,-0.273051482832566
3,2,-0.6188354807308092,0.9777713310717268,1.2454568266759611
3,3,-0.9525603621238834,-1.9233037838460152,-0.3850275480128157
3,4,0.6711469157644113,0.471469929015593,-1.2540930551871727
3,5,2.1716198552540766,2.0935424521748303,-0.0376487361033804
3,6,0.5837711456693838,-1.3289433502743104,0.2316879889383361
3,7,0.8792208755199484,-0.4039464995276669,-1.1282389776948838
3,8,0.5748107856530886,-0.6980692466158557,0.5504485455766284
3,9,1.7444053363434255,0.1652504194372414,-0.3709946897270672
3,10,2.175837560714692,0.3854557970754884,-1.1881392683421628
3,11,1.1980062646350256,-0.6222808428212074,-0.3665400465194174
3,12,0.4925418968899731,-0.5043933210264366,-0.0819488711561881
3,13,1.7673913733948816,0.5441109405698193,-1.074741101333826
4,0,-1.0000822045816198,2.121865235951283,-0.0829885958057885
4,1,-0.7752731850032508,-0.082459762777757,-1.2122095175411152
4,2,-2.283826766176804,-1.2651130137453677,0.1389895280217256
4,3,-1.7210611723935425,-0.090772360375305,-0.1085505856787499
4,4,-2.815913935562892,0.0065751362731082,2.3619683955629576
4,5,-2.7439749882701334,-1.1918487659779795,-0.381667895217689
4,6,-2.2092988543594383,-0.2180447916211777,-0.2166784064937705
4,7,-2.5719862669644424,-0.7088544222786975,-0.5392865819000433
4,8,-0.9969079553419046,0.7442245686526785,-1.7086953383192445
4,9,-1.794645353550798,-0.6580980898247318,0.6090921382085008
4,10,-1.8268869457115189,-0.8149050085233632,-1.2963002700703838
4,11,-1.1265955172102469,0.9394755125482877,0.7831179548478009
4,12,-2.117112802033585,-0.1527069185269222,0.1566054205794731
4,13,-2.453733841014829,0.1308912321763881,0.825581581775312
5,0,-1.554911698661535,-0.3689275637269725,0.8677101308962152
5,1,-2.9250830622085617,-0.6089532313604633,0.2149920158137576
5,2,-2.127007384921769,0.6364993386557027,-0.4010620024175016
5,3,-0.9839140854575882,0.9060435208108348,0.2258117244487604
5,4,-0.9144681645851358,0.081180418485932,-1.3767610955799745
5,5,-2.475420918242111,-0.5984661537015672,0.6848134558587824
5,6,-4.907200318912681,-2.5312204372360254,0.3967403030651035
5,7,-2.235000562795697,0.6360058257830407,-0.3330668420692199
5,8,-3.0860078759009766,-0.7055798738765022,1.0555706971987264
5,9,-2.077736923933424,0.7417086988615826,-1.911483368181728
5,10,-3.271806363126271,-0.9183606192654484,0.3442907399711008
5,11,-2.304611718325303,0.76550557451309,0.6535394191052049
5,12,-2.4465106569829462,-0.4273357799448788,-1.026868267974732
5,13,-1.5934035240234548,-0.3612322175294813,-0.9989217498008096
6,0,1.816957213619764,0.1383004497736504,1.5163947818912942
6,1,2.2503036041276463,0.6657015432407533,-1.1867897683587825
6,2,1.225745680265915,-1.0085373839308212,0.7239644947599293
6,3,1.8711967387802264,-0.649637990321248,-0.842067293634588
6,4,3.2648375189923278,0.9138384288172168,-1.5500988108364904
6,5,2.982165004201466,0.130719593215716,-1.108316141251893
6,6,2.3784950135438194,0.2015706056179194,0.272704612725414
6,7,2.72391643419603,0.1400399259493839,-1.6338473267702829
6,8,2.567718307276508,-1.0073786487002194,-0.7220808363063655
6,9,1.375805722492314,-1.5547769915184444,-0.2668777614017834
6,10,3.0493270899765186,1.250312386429734,-0.2511697048343373
6,11,3.513095603281114,1.1494713706298427,-0.0609304871264174
6,12,3.9293869881034182,1.097671187013091,-0.0718833508319853
6,13,4.070717598017861,0.9358718146319164,0.617880989695334
7,0,-2.0395521219842783,-0.667033352480376,1.9326627661068887
7,1,-1.2409025471766912,1.090226096651724,2.236298100545248
7,2,-2.922049010445705,-1.1148112833347448,-0.0810335683513302
7,3,-3.0753237587113444,-0.3547576563384693,0.46663335490942
7,5,-1.5419046379160664,0.295575141567971,0.7533711446001398
7,6,-1.702578071392372,0.4546498039883871,0.8113767781182274
7,7,-0.9682360132893444,0.416387649970074,-2.308474221079839
7,9,-2.926327856892608,-0.2950278757909224,1.5007332088490448
7,10,-2.56934118469614,0.5119873045414397,0.5308862389509533
7,11,-1.1030701845354471,1.0956338882396384,0.174908924754494
7,12,-0.6946874305225014,0.3222905987922829,-1.534669151961806
7,13,-0.7641440151561423,1.0736762611744508,0.237733652667359
8,0,0.2601016161133738,1.3493445346659656,0.1337942892199611
8,1,0.275745541016386,0.4934165521249313,-0.4692087134212163
8,2,-0.0223648104767041,-0.4005075002405019,-1.6358704494456815
8,3,-0.6160345897165557,0.4149841690295955,0.2342683342802125
8,4,-2.3273683536155403,-1.0091968802787352,1.8445971377017272
8,5,-1.0198525461639074,1.394621668241972,0.3997829380584247
8,6,-1.5859795994528565,-1.3105191498329525,-0.5177721401246635
8,7,-0.4116472798280958,0.0514113696818406,-0.9169671864709364
8,8,-2.0164501490989024,-1.6584105426296614,-1.1906926557625668
8,9,-0.7299241754590167,0.1441425180015653,-1.4648604581890028
8,10,0.2625669553711766,1.9140655833367972,-0.6992322333014467
8,11,-1.085470459222316,-1.238668920872421,-0.5235659654420064
8,12,-1.2860630265052997,-0.0670396947215902,-0.1078816081124499
8,13,0.2226468238538793,1.444685451601294,-0.0111466062835145
9,0,-0.5745877056692088,-1.6672857101428191,0.4913203290714759
9,1,-0.3300383516872233,0.0588127542158579,-0.0600873238920624
9,2,0.7040116505904781,0.5596272843441428,0.9308321464525
9,3,0.4457057705462472,0.8148908455543221,1.0515870806132417
9,4,0.0674266417446116,-0.8579863241851869,0.087681538063264
9,5,-1.4103230438115366,-0.6451568284751317,1.5211708719799786
9,6,0.7793981883481854,0.4973983407053702,-0.8198856003153381
9,7,0.590646866593729,-0.7497940771715776,-0.4695336879999509
9,8,0.944824054765234,-0.6224124687512558,-0.3131972158542285
9,9,0.7768107778778983,-0.0684558122704828,-1.097181150846343
9,10,1.3941293175009537,0.1045674109882455,-0.9541932511460108
9,11,1.4193106751352138,-1.320073293152627,0.150503526078391
9,12,2.956953655755563,0.7652913763521734,-1.7359622312161749
9,13,2.8553932859136157,0.6183077427952914,-0.610046268099996
10,0,0.1865631084419579,-0.4455325117802859,-1.3176069473046244
10,1,0.6156511889361902,-0.3802295079473134,-0.5056991887171304
10,2,0.9664329592888484,0.1102383767335141,-0.6494001013686311
10,3,1.636894656436892,0.4467757623787645,0.3359267590158024
10,4,1.566582651761642,-0.2896092003266826,-0.8910144555553711
10,5,2.424926500719096,1.0049196235134557,-0.684107866949324
10,6,3.808047460094774,1.5229576313286648,-0.98731629971657
10,7,3.041018017851356,0.768233756792087,-0.0754020021106419
10,8,3.135767450227505,2.0111445236551853,1.942631567805693
10,9,2.6573721793017118,-0.3138377447466168,-2.074601106822197
10,10,2.538202292138352,0.4189692968914702,0.7678482948986932
10,11,0.9904426314163456,-1.9377541754429737,0.3600562033465784
10,12,3.5807521945686207,2.080749909332113,0.0517454819459585
10,13,2.3561634468418475,0.1677231584415471,-0.3230610863471492
11,0,-1.164817954102841,-0.8260700253571437,-0.3733113922547709
11,1,-0.5877546128904744,0.5414425719036018,-0.9347546985111352
11,2,1.2234256942733328,1.2420938748992945,-0.4491332124732737
11,3,-1.2547678825085808,-1.985980249824545,0.5298622705520616
11,4,-0.601554833938118,0.2899396898577138,1.090383902008913
11,5,0.1858535404320523,-0.8388772859703374,-2.87500978680763
11,7,0.7052339114260006,-0.045988712897111,-0.0122837422864786
11,8,1.0954016855105808,1.0291879247085534,-0.237183698277706
11,9,2.8257487034345505,1.318605859641673,-2.459694534626797
11,10,2.00669662494213,1.0215247536202314,1.4199076966756587
11,11,1.970172855823925,0.4599402727958691,-1.390718700392534
11,12,1.602239918208638,0.9566898394938808,-0.6552993899351454
11,13,-0.1150955721906217,-1.1806852107887074,-0.8599978467545673
12,0,1.6949341245607137,0.5383230910926698,-1.9262139385640715
12,1,-0.465335833513498,-1.3980974909529271,1.4064031775817087
12,2,0.4150504650517476,-0.1967002143889716,-0.5370558743125263
12,3,-0.1707147185342737,-0.7250773785028317,-0.2791717768651731
12,4,1.2218102131548854,0.3784317066013196,-1.0985196483017494
12,5,0.6139886472339302,-0.1585354026447824,0.0950246139517955
12,6,0.0567860349719142,-0.7833405705274278,0.4390531169611554
12,7,1.001819751730804,-0.1144652866116497,-0.6023030963893727
12,8,1.382673907507767,0.4666170467984733,0.0855365656764363
12,9,0.2927448884919196,0.0152429352703753,0.8587338848979353
12,10,-0.3089587620338211,-0.5500022235330961,0.9656181783638094
12,11,0.1231291498777682,-0.0162131365012054,0.6990845304630067
12,12,0.4402884923237645,-1.541310948210404,-1.241779845695007
12,13,1.7053954492595806,0.997364158886988,0.5234297852352631
13,0,0.3952144649039282,0.5632273344659553,-0.4046134322109707
13,1,0.5745335568456539,-0.2955581481987469,-0.9748721866280384
13,2,1.0410774770366211,0.2880337702535008,-1.0634511045193824
13,3,1.564200235932828,0.919476118678141,-0.7008181062283606
13,4,2.1922735359034102,-0.276536420319722,-1.196319131757087
13,5,1.5745761313091131,-0.3374407517975548,0.2849537106855886
13,6,1.3608307365110353,-0.7230801624933679,-0.2157733801239973
13,7,2.463004335040837,0.8415984044651589,-1.265964516001891
13,8,0.7307514153610699,-1.3037157872090936,-0.5761736607426658
13,9,1.0168656358368324,-0.5314907225168988,-0.2110266963506446
13,10,2.081103526884829,1.4157934889577717,1.2511483146696505
13,11,2.706277179296159,1.1292620231186037,0.945404363288939
13,12,0.1792374075204951,-1.5719607043374897,0.2457520582520798
13,13,1.106413232351743,0.2615967088190417,1.1930020936908214
14,0,-0.9469719088655664,-0.3063072418867213,0.3183194325026093
14,1,-1.5069888405989629,1.494171857724115,-0.0978673476754128
14,2,-3.31825703016529,0.2020233334767653,0.1795103004208434
14,3,-2.5664982108799044,0.8720642499393877,1.014743419794084
14,5,-4.56957520279584,-0.67135681849581,-0.3610764417283014
14,6,-4.857412696761242,-0.5952782063749882,-0.2539476196358939
14,7,-3.692595934769253,1.1329858921095937,0.9616705026679856
14,9,-6.158684657733568,-2.3956597658004526,0.3914780564208556
14,10,-5.596911996655185,-0.3614235406036591,-0.6374779289512376
14,11,-4.513805154794407,0.4702863119327691,0.4533192477637282
14,12,-3.7791563705292086,0.2687939282607305,0.6278412107823693
14,13,-2.007551348173466,1.2385756767179164,-0.6292398618051419
15,0,-0.2082254443707752,-1.1734949965799713,0.1974510802997882
15,1,1.0241301480677008,-0.3822250690881767,-3.1344807187346886
15,2,0.2353933587484381,0.1759691746111043,1.496570577305402
15,3,0.6493984106493952,0.6001015137651392,-0.4462147885249107
15,4,1.0351256338063972,0.8651950173956476,0.2973652975960781
15,5,0.3121434859669486,-1.1712893519707717,0.9468728912292542
15,6,0.8578420318219415,0.0841320084268749,-0.0398467862969628
15,7,-1.2013850340825276,-1.507912302657773,1.2108938536514802
15,8,-1.915515142380572,-0.7501465595257703,1.5900353180689966
15,9,-0.2615896978621806,1.463665449067025,-0.1926236808983941
15,10,1.477681923011883,0.1464948765742397,-2.3188015059850424
15,11,1.5780318345014093,0.9946010307032072,-0.7222820286396995
15,12,0.7883264586864203,0.1406732732685518,0.1143879858508629
15,13,2.8820577934334506,2.108065655966588,-0.7327267781851438
16,0,-0.5198814214099687,0.8915009091695651,0.4453917610976102
16,1,-2.3206772435907497,0.5297904382064953,-1.4043218932656218
16,2,-3.870070002343255,-0.2452121718909476,0.6491485443872869
16,3,-3.5155959935770373,0.875508361789161,1.5886715692382007
16,4,-3.2364859351107285,0.0274480975714559,-1.0265830542325505
16,5,-3.646348464848344,0.6379223151469119,0.1517725731095814
16,6,-5.321782552528399,-1.0185995117685018,0.1338438275513285
16,7,-4.0248357632721135,1.785777147438388,0.4137833242914474
16,8,-4.441317415575703,0.5547557142333553,0.5648687672943012
16,9,-6.11241069864558,-2.2494939195737302,-0.6899109533754445
16,10,-4.993285627405412,0.3957721811467344,0.0668450945928845
16,11,-6.024607624570924,-1.74375620383971,0.2025242456174738
16,12,-4.59508742917962,0.3973523789928762,0.8244383984024359
16,13,-3.8602836253339134,0.0234468205976477,1.066451196233522
17,0,-0.1637177191442125,0.1921811616438258,-0.1819107050551187
17,1,-0.6107350957507895,1.2821493263730313,1.5803698582928576
17,2,-1.5275651138730035,-1.327671678101392,-1.8149084358003016
17,3,-1.9655836608073685,-0.4726185958810818,1.5396392282178384
17,4,-1.825592665062848,-1.170640737820632,-0.4416293124861684
17,5,-3.5899176950912,-1.8720465387351848,3.1842768387560563
17,6,-1.6520117219436743,0.4795888895265341,0.5285592343293369
17,7,-1.6260396182787855,-0.4039600464808021,1.3751925388364288
17,8,-0.7577729108951875,0.6859820213221929,-0.5103111980446282
17,9,0.7021191663191348,2.342428893239176,-0.0472274372750619
17,10,1.2853897759001591,0.5435733206811637,-0.53555552858434
17,11,-1.5958874813949675,-1.3559840863751462,1.0923022694482272
17,12,-1.0924183531854057,0.2601805350953359,1.1389645870673877
17,13,-1.2838593233412898,-0.1406446081520816,0.3985787800516734
18,0,-0.2193192874382788,1.1405375718507194,1.8429814066922288
18,1,0.6643726275648184,0.2985181577409257,-0.2388068807087564
18,2,0.5338360898558895,1.1406819297763189,-0.6513578332244863
18,3,-0.1443025563751532,-0.5466810049570947,-0.6674031780157793
18,4,0.8885902732864919,0.1400663555102592,-2.441147376917069
18,5,1.4908284500924758,0.6290128552649344,-0.0485440107326683
18,6,0.3267450309200489,0.0832980336236421,-0.5172059762783259
18,7,1.0183298956136049,0.6396556012364807,-0.6027511629360459
18,8,0.432193049770197,-0.3376159453175605,-1.5271577603411075
18,9,-1.6453033493492717,-1.4193946674301112,0.7333311613817098
18,10,-0.2179024576273259,-0.0640248259991522,-0.7199391576152532
18,11,0.3220226863290232,-0.7522133400672569,-0.3976305998830437
18,12,1.2009719369178478,1.0554178452685716,1.493434001517347
18,13,2.53439587371002,0.8038184452365491,-1.798072285244225
19,0,-1.5024417006302122,-0.098135986758525,1.374924350377886
19,1,-1.947520946037277,-0.90727006029991,-0.173399871319372
19,2,-3.6010257177984304,-1.117856047227192,1.177822618203536
19,3,-2.072139569333567,0.26830082303045,0.1710149182541213
19,4,-2.603363525647993,-0.5294068267266326,-0.4744194763643316
19,5,-2.163297737040641,-0.8855667584731342,-0.880324932730856
19,6,-1.5523732325156827,0.5834987099304055,0.5832806949987761
19,7,-2.983136909472117,-1.0573318159666234,0.7252052585362387
19,8,-1.166905516212763,1.5558114247588004,-0.9324905666132632
19,9,-2.703824636505828,-1.7253191739584417,-0.4501391435573411
19,10,-3.8141490151413824,-2.1958586446173327,1.1947492486373157
19,11,-3.1110971710067976,-0.4984289214717789,0.8250589600085265
19,12,-2.6493895047763782,-0.824311508548316,-0.2430110884156911
19,13,-4.591662194569785,-2.8111768511644257,0.4799155406360544
20,0,-0.3349415420556265,-1.2939858230406145,-1.1672571393652875
20,1,-0.0238057554606773,0.6025054844672564,1.1070780196456065
20,2,-0.5857722372930299,0.3791459578616791,0.8043553225952434
20,3,-0.2586365637609292,-0.7828415414384368,-2.3484408456139048
20,4,-0.4679422490870914,0.465888334360109,-0.3680879508105296
20,5,-1.1987033073187892,-1.3751072413995131,-1.2807862231655651
20,6,-0.994415253942644,-0.2720243901140035,-0.5347789380402184
20,7,-1.6666710593645278,-1.5017943431112155,0.6471874811510961
20,8,0.1481596789200348,1.194652935891777,0.8998106743551465
20,9,-1.1225519690277497,-1.2846831517235804,0.8504495079811126
20,10,1.0951639311927537,2.041010060634433,-0.6464761400860364
20,11,-0.7569801239427343,-1.541761927714327,-0.3485164914808811
20,12,-1.1001834849784935,-0.7244327267802866,-0.7146935178306362
20,13,-1.7539341097953998,-1.1551755285499574,0.1120850632335234
21,0,0.1826024253137504,-0.1488580930427723,-1.1776114921393888
21,1,0.7282511889380152,-0.0635410979009528,-0.3075696819656353
21,2,0.6856742702784955,0.8910669393145821,0.2109674798352548
21,3,-0.8146987133358919,-0.7135238179386182,-0.4749944690720807
21,5,0.1063932897018759,0.0771557840603419,0.7659491178219462
21,6,1.6570110968369414,0.4318298873301028,-1.020505307572693
21,7,0.8489702444303856,-0.5403287334901515,-0.787291113745518
21,9,0.8678506884853388,-0.5848346939380852,-0.5712015574966508
21,10,0.7125314289708697,0.2874450033502169,0.2094094514531475
21,11,1.113973984142692,-0.4667480683221625,0.2946972617515139
21,12,0.1702887311830992,-1.1787290931270016,0.195691427873981
21,13,0.4900110132149841,0.8070510366203177,2.675933799621092
22,0,0.1111352963293779,-1.8278812121674808,-0.6131873977235968
22,1,1.7311103852752645,0.4656308953001129,-0.7462152974396874
22,2,2.358683279371941,-0.5258375473837444,0.0771240435346402
22,3,2.5269444739326783,-0.7210218167139069,-0.719093874271101
22,4,2.79621722063939,-0.6191562877434563,-0.8611454432457006
22,5,3.692247202797179,0.2396350529970047,-0.8282755963538877
22,7,3.97553356366762,-0.056929415712271,-0.5912827670959474
22,8,4.917620721980438,1.5020335007162866,-1.2657546911207018
22,9,4.530349897143289,0.7275368428200519,0.8894115194156639
22,10,4.24046811162316,0.695062562586981,1.3954501912081412
22,11,3.6966530282643433,-0.4765097478292382,-1.3312304551202918
22,12,4.41543561021955,0.6811621508221994,-0.1100340373097214
22,13,4.368634082830932,0.7601445123317058,1.204018620393328
23,0,2.234618144956729,-0.966249144485,0.7828630281826786
23,1,3.616575181318967,-0.1843945139299971,-0.1550143826768426
23,2,2.768317900174496,-0.0342509087913273,1.437196779312498
23,3,1.872711603246848,-2.5074084770767424,-0.4662696999001929
23,4,4.224360645371293,-0.3098752102038259,-1.3087116585196423
23,5,5.361613143251695,0.4598988760538253,-0.7540707240818395
23,6,4.871105043470788,-0.9057884304268052,-1.7025726442086169
23,7,4.74666722211436,-0.1456112649430583,-0.1562042496648239
23,8,3.893741334829025,-0.5319049500064785,1.711163759216095
23,9,3.0966841754234733,-1.6136907381106849,0.8239749785172135
23,10,4.920479124482085,1.5671987653352517,0.9898129603448634
23,11,6.053290147131367,1.4024619694872302,-0.0396922654723784
23,12,5.6803289944069375,-0.2078134739283382,0.3562449803372697
23,13,6.412835027140763,1.1798401246468029,-0.3580750640204341
24,0,-1.3096646447379825,0.1137575542191011,-1.3579895714781467
24,1,-2.1441123040158274,-0.2059719798279517,1.6466051519228266
24,2,0.0127851651197807,1.3701515786738911,-0.8680795470859128
24,3,-0.4361455348701093,1.1235848590278488,0.3584787689584204
24,4,-1.4625482235889231,0.3283903763023409,1.6304851958290152
24,5,-1.447376587860029,-0.0241892231507102,0.2427626048487568
24,6,-0.5575450783486564,0.9898716456489856,0.7319185895871698
24,7,-1.9271832477023751,-0.2954082499144748,-0.1058680628787487
24,8,-2.6775802837415608,-0.9153465848725808,-0.4233939953749438
24,9,-1.9098995464606376,0.3258985633968463,-0.0844019502678613
24,10,0.0136044530661003,2.432703738084441,0.4604488275304934
24,11,-1.4775495033355217,-0.8815371916632609,-0.3275882207309462
24,12,-1.2910749829833457,-0.2012630151545636,-0.0723820877187684
24,13,-1.7748002406894805,-1.025395818209498,-3.239009416557537
25,0,1.4049440284672017,0.3285127883105871,0.0949280180501679
25,1,1.859746114760465,0.9176778593263296,-0.0269527473179727
25,2,1.8259229635501968,0.0076011009900041,0.8562772690643378
25,3,2.203491508354405,1.304112121682516,-0.6802353005037096
25,4,2.837763384508852,1.104749710013026,0.1501860931357298
25,5,1.661056810193395,0.0612356150843236,0.6162713557970008
25,6,-0.2151499105797689,-1.3076074800861783,1.256781020500857
25,7,0.2926447426366401,-0.5683650408248201,-0.2678324543720924
25,8,0.918352651202342,0.3270215412896962,0.2513612240963095
25,9,0.4681894769845443,-0.1184750658846185,0.8538972526404561
25,10,1.0498761476765484,0.7538127184795737,1.0076615989753286
25,11,0.2479630179832724,-0.3682608865613961,0.5203471799861511
25,12,1.1730309086257564,-0.2579235690395957,0.1159378023516221
25,13,1.3983279132080988,-0.2259318726821784,1.1333137116344931
26,0,-0.8556514734139355,0.9769386672923156,0.6491118632546775
26,1,0.5490671567906027,0.9309429149298692,-0.7780165181294982
26,2,0.588429403371647,-0.5943259933332532,-0.7194568124107797
26,3,-0.1161281113304398,0.0405859444189166,0.054205733526326
26,4,-1.6117855592146708,-0.1496280396962523,2.3576671303668637
26,5,0.3034374415102476,1.2329271296054265,-0.2024405002204613
26,6,-1.4074318598811792,-0.92490923178915,0.4080485938453539
26,7,-1.2060410382726303,0.23123629194693,0.37964227103369
26,8,-1.447104493418404,-1.2346728133698486,-1.2036885379115732
26,9,-1.0066429737755251,-0.1705568701724171,1.2981323906751046
26,10,-2.579056788439059,-3.1084623644521625,0.1375030037962854
26,11,-2.0892521810988307,-0.1337185819776087,-0.4753679591605567
26,12,-0.1771752755109957,0.0683565407644106,-2.4912663090375182
26,13,0.5430577053057533,0.2180896966455687,-0.2955732870937034
27,0,0.1311965864507781,-1.5175657778572078,-1.594718150282391
27,1,1.570048618243507,1.1802446085505256,1.1061829651182065
27,2,1.7163152632690726,0.0591302733295649,0.701847932604128
27,3,1.2667962815279217,-0.9212188077996832,0.3058175769532991
27,4,1.5822343863236974,0.0875598245280518,0.820744850268027
27,5,0.5611456504319624,-1.016666494237833,1.58880235083778
27,6,0.8964889537478837,0.0952313894135665,1.245634091200157
27,7,2.247810460105272,-0.0895251858347804,0.7075944460129547
27,8,1.4029687636147847,-1.162724659017874,0.5697063988277409
27,9,3.049028258325642,0.0720428954134979,-1.9688944882773536
27,10,3.5923195391423253,0.7105990256831984,-0.2279722737326038
27,11,3.983275725204297,0.9310671911069636,0.2238900860685253
27,12,2.6558584330930057,-0.6535806978201165,-1.3868286584168403
27,13,3.6563488381223705,1.084314796095928,-0.4839093550189104
28,0,-2.0151481654835868,-1.6919681687782433,0.4488099737046636
28,1,-2.4508774540587828,-0.5020686134604182,-0.3328960235921975
28,2,-2.6578127821298194,-0.7942992525782216,0.5375407961962869
28,3,-2.185827573408879,-0.2954720074068901,-0.5090318842560735
28,5,-0.58734772553503,0.2198636900845945,0.469967504082666
28,6,-1.1282089480322557,-0.1460016484254881,0.4509732136013122
28,7,-0.5619326090867418,0.3309582882040784,0.4406816569420153
28,9,-0.6422872775632206,-0.426288686714401,-1.9768303661513456
28,10,-2.1551536558460747,-1.3151638089022273,1.2792175551472489
28,11,-1.225025902734385,0.2939287100464814,0.0115682181572965
28,12,-0.0706530017144084,1.703114641722851,-0.432860459614926
28,13,-1.0781562028103215,0.2374885716024812,1.3337208935432652
29,0,-0.9198570531042524,-1.4684007167752875,-1.1998096756969263
29,1,0.1647691140582111,-0.0172838003204012,-2.4818664449315304
29,2,1.2692694198129937,1.9599413616570984,0.9765783949722644
29,3,0.6507571804959146,0.2535921819635407,1.4082371267421634
29,4,-1.5593413463033898,-0.957598045498282,2.2016644913555576
29,5,-2.1364582316962,-1.9914897221611756,0.8360486469986228
29,6,-1.542404063273306,-1.1688828864010017,-1.0560048439491052
29,7,-0.4432175745636556,-1.1215458713910822,-0.6425849274737669
29,8,0.6151773408599144,0.4715405087172165,0.5536859264715682
29,9,2.4479560246995256,0.7038301913495684,-1.5278601754086727
29,10,-0.1896209115065736,-2.440724980112426,-0.0778842047374189
29,11,1.7972908694937102,0.4314769264919487,-0.2529089526375467
29,12,0.5519557694572019,-0.9616881248901388,-1.0162254435355382
29,13,1.3358623282456206,-0.3666158253473027,0.4715239491857899
30,0,-0.3856229693777867,0.0382283400728672,0.3188884041141191
30,1,0.6560592419029319,-1.0023238922667577,-2.176328516067257
30,2,0.6106359772724538,-0.7238533009195779,-0.6270534994244359
30,3,0.9656854008914616,-0.1955043589429838,-1.1891456081164125
30,4,-0.3751692019368224,-1.6359339807659872,0.9320796422469142
30,5,1.979967737016585,0.7785082508822753,-0.7599494572268866
30,6,1.7255298818318985,0.4297531851627964,-0.3983686186949665
30,7,2.577677765924542,0.560419073384444,-0.6970419113502517
30,8,1.468448573317854,-1.3980780483537325,-1.1291293844269492
30,9,1.242460210067435,-0.1567797181628259,-0.7210153429590442
30,10,0.6711026106657859,-0.5605712183067987,-0.2476569260187328
30,11,1.1476996037463207,-1.4456387222908602,-0.9737903573633884
30,12,2.904352060383836,0.809076275266978,1.1479216771171543
30,13,3.148334715551085,0.8955130031441146,-0.7344222531199759
31,0,-0.9356686180915716,-1.367535288286276,0.2798685467948414
31,1,-0.8579407563170165,-0.4350027531473255,0.3949327053674235
31,2,-1.804852586757265,-0.7917659928650499,2.1209123291018743
31,3,0.1005371882432719,1.322940430807857,-0.8883443562203901
31,4,0.0872670367366384,0.6164505631255699,1.04341366529952
31,5,1.031138402999495,1.3743496172279526,0.2558376389020725
31,6,0.5022623527310657,0.7513345961160887,0.3622656403214893
31,7,0.8645700361050571,0.5620573426717526,0.9784459789263864
31,8,0.4513777175045284,-0.5569401072717433,-0.4402483097317552
31,9,0.4662404288486998,-0.8119034921103515,-1.4806375795820597
31,10,0.979934179461774,-0.5513309508898094,-2.567516866771885
31,11,-0.6691894913092075,-0.844358502882752,1.9178627648659696
31,12,0.3839005184407502,0.6229073530435484,0.8530032069274637
31,13,1.1309402412299998,0.7132318975426025,1.140916529278175
32,0,-0.5468512325787336,0.1148742189666632,1.48718536104524
32,1,-0.8440718487445392,0.3133623598478587,0.4204416074215452
32,2,-0.8602103046337608,0.2534458640797129,-0.8061943329009352
32,3,-1.2478046516241237,-0.1465038404000163,-0.7996856667240103
32,4,-0.5111156124763793,0.6618108194972534,-0.2765215409127701
32,5,-0.35042435443578,0.6059505089354054,-0.5139517148024397
32,6,-0.2823688888461345,0.2536731803425971,0.2163522282061844
32,7,0.9454145066706257,0.6881900076395288,-1.44005939010214
32,8,0.0259812205850673,1.1772248359183808,0.93604949048763
32,9,-1.1658003167036046,0.1697751653523397,1.6803456096825062
32,10,-0.6935307332235444,-0.285579237070067,-1.1966841996053363
32,11,-0.6233626892548705,-0.6020783195946684,-0.6462664719749149
32,12,-1.3636389865323697,-0.203290155737335,0.0854181362456717
32,13,-1.9617470954875011,-0.2604757980874739,2.0566502969861813
33,0,-0.438472176113771,0.7006089538351417,-0.0514548869492284
33,1,-1.2555008027410886,0.2374437699066861,-0.5271966679795681
33,2,-2.6239699900517905,-0.3420671095512982,0.0328207504035906
33,3,-3.0507805509777515,0.3305232413380581,1.1799097220959756
33,4,-3.1399611697084646,-0.527002948739492,0.2316242238181279
33,5,-3.289796670405996,0.234948747910711,-0.4792677365779915
33,7,-1.4273964387953515,0.498371594063543,-0.6680424765904739
33,8,-3.83787350132506,-0.8768867790875603,1.0394238147626929
33,9,-2.277660704291412,-0.162961481762441,0.3465641700444355
33,10,-2.075288938015269,1.1287586380293593,0.5548311570323068
33,11,-1.7983490106749205,0.1463418196901984,0.3862378625987728
33,12,-2.737382336441037,-0.0016940010542935,-0.6675619933622152
33,13,-3.586022723405663,-0.5596986707572376,0.2075683061681004
34,0,0.7908643497531458,0.8236833184622638,-0.3531996813372796
34,1,0.4964493704374414,1.6782120218190215,2.2001369071290067
34,2,-0.925361793873276,-1.2813585658461737,-1.0291793752045215
34,3,-0.3853744582916707,-0.7435611742983713,-0.9566955061155424
34,4,0.5889457729619696,0.4096089254251294,-0.005203170413645
34,5,2.254308938956571,1.5467140309373109,-1.5999982296831143
34,6,-0.2128383612440206,-1.5387322548276898,-0.2932578966541665
34,7,-0.5337725339394674,-0.6423376874970309,-0.4101594892686818
34,8,-1.0925808546030475,-1.2565359371221478,-1.0462967794898397
34,9,-1.210454065652341,-1.343298804303078,-0.7886238730738212
34,10,-1.1958862604193647,0.9423244042700842,1.0413752815464734
34,11,-2.036709623687936,-1.125980221814112,-1.11675725408048
34,12,-0.2434014226767615,0.6072214295943644,0.2121973188558987
34,13,-0.010351007895146,-1.1286335346634155,-1.6432289176435149
35,0,-0.304390539909896,-0.7041777042308369,-0.5124363940343354
35,1,0.6959239646857786,-0.3822071126755687,-1.340033472725238
35,2,2.062548384294016,1.7716278537692618,-0.3234059048100164
35,3,2.882174076867188,1.5036439748540178,-0.910037928326032
35,5,2.4993719557407594,1.422898331913654,1.855601634792286
35,6,0.8876732521665933,-1.463509573683891,0.087688129031836
35,7,1.1708265048903872,-0.0555333724028612,-0.6363502359529063
35,9,2.9944770902490334,2.456146693369111,1.4289216399522051
35,10,2.507219899549769,1.0733680771936476,0.0187372911885233
35,11,2.743989297763704,1.1612439574524809,0.5266455220602044
35,12,1.990421421037408,0.5075434575239747,-0.0597361715110264
35,13,3.5780289490909354,1.457918815032765,0.1033807498941592
36,0,-1.3766292800247686,-1.373320209440425,-1.4415310233471563
36,1,-0.6626947233595397,1.998087942176509,2.4527392225955835
36,2,-2.2074071946447065,-0.2391295216609708,0.7318945583082613
36,3,-1.3633909883663444,-0.4401084264481943,-1.8521409303263223
36,4,-2.209418835581701,-0.8064260551440604,-0.8974472541942655
36,5,-1.9024130580837184,-0.8684703342446126,-0.9226587729293364
36,6,-2.8187303217077218,-1.5922505825520363,0.5164167790870232
36,7,-2.894055513754674,0.1245866995569995,1.0088372062367237
36,8,-2.686599843945494,-1.1394610720465002,-1.111345727496335
36,9,-0.1796942616287361,2.0776473115023264,-0.5032913325059319
36,10,-0.0747017227491167,0.8341324997263264,0.2500214912224532
36,11,-1.2063522028187963,-0.6734684060243431,-0.4041018400241912
36,12,-1.5066198958326953,-0.6229488221274231,0.2553113394156004
36,13,-1.3438712290687531,-0.6786009621282464,0.7974514875805822
37,0,-2.58418984164875,-1.68243727827927,1.112873688017203
37,1,-0.3205036620635918,1.657334995707459,0.4954410497179163
37,2,0.2650183158399352,1.0521385523149978,1.0505518347520373
37,3,-0.1832789102400641,-0.6362674946813076,-0.1014346528776901
37,4,0.0911260947604055,0.9058434332953772,-0.1329479826688447
37,5,-0.448860368484709,-0.0371954601495674,0.6070146160806008
37,6,-1.6633343261371152,-1.5342186876855175,-0.4646823141094955
37,7,0.3681524389768698,2.051297061642664,-0.2476347917300242
37,8,-1.0879095204200546,-0.7090748898217893,1.3374049792472626
37,9,-0.3403878818467122,-0.8634405860581833,-1.529521091739042
37,10,-0.8088958964992656,0.1755693092939016,0.8892369186862917
37,11,-0.4128988015699592,-0.7009296401519491,0.3989471255968583
37,12,0.1384232924589722,-0.1052825575344891,-1.478347908434963
37,13,1.688816334495224,0.6696175952586663,-0.1793273147329718
38,0,-1.0636641776565068,-1.1337564764780028,0.6570485697907735
38,1,0.3757307865020953,1.5010624223324571,1.2188878586563794
38,2,-0.0003053544544281,-0.3156323990774431,0.2800045801862014
38,3,0.021374168641824,-0.8524614895390259,-1.4659577158772374
38,4,0.0550487215182707,-0.1917480293023982,-0.129184124296215
38,5,0.5335291960440524,0.2130825616953183,0.2484086196606682
38,6,0.6724196037491497,0.0608178855198166,0.6848544069491094
38,7,1.357109985040828,0.0702204361238125,-0.4909497373010398
38,8,-0.5023483536503688,-0.9315607289303888,0.3128282774053394
38,9,1.8466774452446064,0.9019616844098706,-0.8413904916281878
38,10,3.080479289558652,1.59763470624571,0.4771964346014319
38,11,2.043273499758564,0.1914036337468301,1.1628508597690617
38,12,1.076632338619269,0.5853958689316703,1.178456889703704
38,13,2.280628891933725,0.7704996784487048,-1.1129598429979517
39,0,-0.822732616275658,-1.8067612742155728,0.2087242299586839
39,1,0.693936907253804,0.1608591231016968,-0.427040425969419
39,2,1.265843264777042,0.2986328642081347,-0.5281558980283227
39,3,1.7247909379376447,0.9673800461817832,-1.9055642556620764
39,4,2.4687159863465205,0.842242417431213,-1.5649989175680898
39,5,2.987452392650693,1.6642233924797485,0.2972274314204406
39,6,1.7950719453852932,-0.1918956222508297,-0.4859983549370215
39,7,1.8557518005501392,0.9904326725162808,0.5503637163566797
39,8,1.2404510977405605,0.7247224459764854,1.314604258005325
39,9,0.6966281566881728,-1.0187963570756526,-1.0250927700339234
39,10,1.8000882156508018,1.2206726826249716,-0.1043410325138493
39,11,2.052306365121278,0.8876508307000516,1.7823478790640406
39,12,1.5869283549009796,-1.0669604350650768,0.0563478255123561
39,13,2.840909490517097,1.4692700221773636,-0.9029772801393025
40,0,-1.370657714046989,-0.5411080587539989,0.3272362160899185
40,1,-1.3687992767516866,0.1567379992060565,0.5826313556852397
40,2,0.0822325862186565,1.8768583911229355,-0.1267211145583675
40,3,1.1830151456101716,1.6571012221333463,0.1294445664593692
40,4,-0.9338507693178828,-0.27331438294028,0.4307879862100257
40,5,-0.2810319231642416,0.8419056304769946,0.3596178759317084
40,6,0.4722606412726811,-0.298230842471713,-2.908591930162419
40,7,1.0211670187869752,1.6632898709632165,-0.0161461654679829
40,8,1.018007840998172,1.3616038059624518,1.0118450324491004
40,9,0.0787359644251896,-0.5427246912684329,-0.1769939862493668
40,10,0.3905981979675822,-0.0872833094350791,0.0321099094191878
40,11,-0.7052647981893487,-0.5510664016524347,0.8979699650313174
40,12,-0.4585184255525091,-0.0171363146919901,-0.1407979064061436
40,13,0.350842755855156,0.497362828941225,0.4960894847259338
41,0,-2.447821073270216,-0.9579967865714148,-1.4570972834272935
41,1,-3.454173823062791,-0.3945564282729246,0.0838641996932908
41,2,-2.968556062606708,0.1084515216091105,1.066687714535424
41,3,-2.697116784643103,0.4622025245809484,0.5448474495528521
41,4,-4.512614574541708,-1.2323225389900905,1.4153493194317837
41,5,-4.365299503674786,-0.4796306798553318,-0.6157985338409458
41,6,-5.544214574490948,-1.665990337701467,0.4093135634256747
41,7,-4.455371445114759,0.0421797037145389,1.982327497438336
41,8,-3.062991604967299,-0.257272696437843,-0.7862640978061095
41,9,-1.6010789063855069,0.6391633949414881,-2.0925889269376023
41,10,-2.72580723679426,-0.2847571658054021,0.4977299735066789
41,11,-3.0782600703463,-0.2439659736401694,-0.9159313248217038
41,12,-1.7317307711051548,0.2628947976763532,-1.3369770083218058
41,13,-0.8725669285659192,1.6855958749573463,0.8961901419897454
42,0,1.1842153923315566,0.8780018422610176,0.1114329716032789
42,1,-0.7882616715312603,-2.090335591936107,-0.2548321838852178
42,2,0.2592778255780247,0.033549279660897,-0.6453089134826612
42,3,1.4740239234173105,1.871173819484131,0.1910108079191534
42,5,2.4750722863815624,0.4560686411818107,-1.5653557871375614
42,6,1.921078334358877,0.0935994304442207,-1.0946109723939077
42,7,0.3106200206918232,0.243974019316377,0.7889311894160634
42,9,-0.4795164830633577,-0.2022299058889281,0.7696670570123457
42,10,1.3474240776611397,2.0559733653766696,0.2555063412669677
42,11,-0.3532466084563759,-0.4826416874747934,0.6583759125181784
42,12,0.0628184332831444,-0.1600543758636348,-1.3788224688248487
42,13,-1.2215623582307735,-1.7339310895590665,0.6379831672042117
43,0,3.888794069516692,1.684192142164234,-0.1584686498326734
43,1,1.2119556170669177,-2.910462035599275,-0.0922094728623196
43,2,2.85909709243023,0.8344337466316687,1.2160937221907142
43,3,5.610541975995242,1.7522759147255975,-0.2542314572904431
43,4,5.257930778693576,0.2784866350126173,0.1809546697998384
43,5,5.825842157222822,0.4822296204441446,-0.39060485997971
43,6,4.147868159904067,-1.065949267462729,-0.5729557833352993
43,7,4.533461130813458,0.3059407367073579,-0.3237262188216373
43,8,5.4736962119187424,-0.1304871657944681,-0.1375078334630316
43,9,5.3899475286159895,1.171557411239743,0.0589034003086783
43,10,4.721610067728922,-0.0530071060808633,1.589295388740208
43,11,4.818442515005411,-0.1537810004109148,-2.266680367553451
43,12,5.335402987324228,1.1092236358664318,0.348202584805517
43,13,3.532933596335928,-1.3631668362054128,1.0663602256623423
44,0,-0.7339193867220233,0.203667091352388,0.2086472370106002
44,1,-1.0146708409357568,-0.1809113241364096,0.0222787379094308
44,2,-0.8743944843516299,0.0438975156977867,-0.5601019585332621
44,3,-1.4810206373110235,-1.0524015447096209,-0.8790562749195622
44,4,-2.587642910049176,-1.215180063197709,0.927592379239507
44,5,-1.41288899335491,1.0922546752355222,0.1676817387422332
44,7,-1.5373320198139866,-0.6828398500575001,0.3184512580001012
44,8,-0.5998702406834366,0.5243332360419959,-1.2532393951248504
44,9,-1.160608973162959,-0.5533884769630563,0.413964447670702
44,10,-2.6852537316766405,-1.3822103999288715,0.0549201649469264
44,11,-3.2135326125639434,-1.5096473384798974,-0.4425170895812805
44,12,-0.6072028726485373,1.330995606291244,0.3204383794346959
44,13,-2.531468651533678,-1.583961176430248,0.5835856819495114
45,0,0.5000852921616363,-0.0141225246414505,0.3198286316878745
45,1,1.6270679159211947,0.8733530611927751,0.2628222811360651
45,2,2.082079472528621,1.034974798144442,0.5957266008005013
45,3,1.2064062484364668,-1.0412123564000937,-1.024335188931983
45,4,2.7589973012643387,0.3076959158003987,-4.258464888485979
45,5,3.3026944427560503,1.4456122522766568,-0.296602032139977
45,6,2.203768965647751,-0.1388183990867842,-0.2749542668685884
45,7,0.5150316643298342,-1.8100552563242824,-0.7130558521118042
45,8,2.036331396542596,0.2626883463788469,-1.2181457913025624
45,9,1.988797698845017,0.7800700535511145,-0.2033130844026852
45,10,4.52235936651911,1.1952405267428816,-2.267849256618333
45,11,3.29938444140359,0.2134798865459273,-0.976351911376422
45,12,3.922609728683286,-0.1603533453577728,-1.9368291668860849
45,13,2.962943794184918,0.1630057415055492,-1.4439278632089798
46,0,2.29212235576892,1.1987835744158066,-1.246007524551641
46,1,1.2614707314256035,-0.4326851543097357,-0.6395379471874294
46,2,-0.1093244476830392,-0.5809820996114129,-1.6823563423310663
46,3,0.6898977351908886,0.6001846246338453,0.0544787138605575
46,4,0.3704680971952447,0.463278062983959,1.6523720063754572
46,5,-1.1963318855356635,-2.1709907648887024,0.1657814682254697
46,6,-0.125357633610442,-0.326786108992813,-1.3073168312645371
46,7,-0.5966999152570243,-0.038501751863386,0.5426633210772425
46,8,0.5084543791045859,-0.2571605506759826,-0.8337060720543132
46,9,2.00976602451907,0.2824133385853292,-1.1403882399892027
46,10,0.6549302315748201,-0.3409740870589727,1.2792056825891522
46,11,0.8381932494508841,-1.4365001237353603,-0.8838017424374466
46,12,1.502473226163736,1.160405525793524,-1.5815991645402108
46,13,0.5031663572196781,-1.5551985588350807,-1.7926817032443765
47,0,-2.376248927495403,-1.3072877476204212,0.1093158600037172
47,1,-2.377406497182618,0.0261838095520836,0.1256783626649106
47,2,-0.9843526546533976,1.2382328507449318,-1.0332557305684678
47,3,-0.9177478487065132,0.7164446263213751,1.6300847183329077
47,4,-1.2976702139312035,0.2380651995242713,-0.0143814393457022
47,5,-2.313828204273079,-1.201013289592389,-0.7463311579803362
47,6,0.6494586579025783,2.1937133239001927,-1.944408489033435
47,7,-1.0021709038725355,0.1679712372824535,2.7656432657167658
47,8,-1.664678317116281,-0.8277062246589263,-1.9461388947560827
47,9,-2.415590641019811,-0.4589780070709888,0.0874662140061155
47,10,0.1015279828764774,2.2487930679386734,0.0754693411665295
47,11,-0.3061381930164253,1.0527085571307675,0.9199139478266204
47,12,-1.2518513813673229,-0.7760654678860072,0.1746194590466457
47,13,-0.7839098981979471,1.026034824758205,0.7060818873480248
48,0,-1.5963101460576636,-0.4527430555855749,-0.2013233169967499
48,1,-1.713904712911401,0.9840563536154796,0.9971482514287516
48,2,-2.652882352242872,-1.5584338490554746,-0.810103394629799
48,3,-1.459418279464662,0.3614887446609252,0.6634978398523026
48,4,-1.750319249927043,-0.4442398066690347,0.8560388744514541
48,5,0.9932816242570338,3.2209019095485627,0.5028802552536312
48,6,-0.8333514370390266,-1.125081335220124,0.4638756570792257
48,7,-0.95616074687622,0.95802835300823,0.4577157379892314
48,8,-0.5236460855467816,-0.1461827242280882,-0.5062966379040682
48,9,0.3092581284145194,0.460681644130164,-1.2165650067046818
48,10,0.9068138211723632,0.8844364628360286,-0.0469631390212061
48,11,0.2718387086348596,0.9222329549162518,2.6174274505509096
48,12,1.2982061017157611,1.5240885109580335,-1.1153564200350037
48,13,0.6835495907590703,0.1257666615290722,0.1281147268691481
49,0,-0.8635108747893081,0.9225394294231344,1.6389306494478086
49,1,-1.7515655965591836,-0.0655751659887746,1.534141396001092
49,2,-2.319902988527476,-1.0786681267201372,-0.074197589515426
49,3,-2.7983577814380727,-0.2684029128986887,0.9288899895782082
49,5,-0.8919774626451042,1.726159496943994,-0.9824580076853584
49,6,-0.8597823654914019,0.8680217579725713,-0.6525985982751712
49,7,-2.3259298505736035,-0.6511797131917569,0.5308840869131568
49,9,-2.7429483468684466,-1.9595402049941089,0.2644622707863329
49,10,-1.3583734559419656,0.878427795986152,-0.0984848927517211
49,11,-1.2581830270556864,0.4176135728332633,-1.227574779302206
49,12,0.8907027782367958,2.085463834882217,0.5671771869590475
49,13,-0.6162116402029463,0.4054593865707064,-0.1867272831434142
50,0,3.490915859180407,1.0004534000685348,-1.2789839566684085
50,1,3.863459937174164,0.5274959050074031,1.5693888174207369
50,2,3.506239529363511,0.1328356911883941,-0.2879641338945917
50,3,3.87156386699591,-0.1173220205371389,-0.5582388091618937
50,4,4.570234075893084,0.4690005401790211,0.1931066146347872
50,5,4.5804137303513,0.3574850241112391,-0.6877108690808256
50,6,6.9449964251613405,2.864330065958093,-0.4871434801214171
50,7,5.447347337047066,0.7522126751574505,1.411074432069521
50,8,5.607887478883265,1.4785452073954417,0.7972968431281751
50,9,3.672259463009557,-0.9749964728761612,1.703165989224241
50,10,4.478513422650722,0.2110891142387029,-0.4051665913473969
50,11,2.476806642752264,-1.4054422066630454,1.0495644349281923
50,12,3.443572738863987,-1.1689606885106445,0.3633602823462231
50,13,2.7605935752302093,-1.6637609240766194,-0.3644823485651561
51,0,-2.1923525695761503,-1.0216610453301522,1.8252605345799413
51,1,1.248335387699561,1.7988855430858612,-0.0116323440167452
51,2,-0.6484295979241391,-1.5052550750294578,0.6571351696451679
51,3,-0.1878860243882683,-0.1091185497025463,0.0142649004446025
51,4,0.26109294361904,-0.850580104956287,0.5007902036793918
51,5,-1.137336622495304,-1.400569225184822,0.0594610318919361
51,6,-0.1628127295796609,1.5579372362017283,0.9627041982243486
51,7,0.9094447464341506,0.7792111868256714,1.1253097146890878
51,8,2.0470848270222537,0.8998405687517587,0.0933098363737753
51,9,1.3976729594903596,1.1005836311588617,2.1958325379255905
51,10,0.4956366004930428,-0.7743066786980237,-1.598374865896856
51,11,-0.5569498119982877,-0.2548833128927565,0.3987960599167949
51,12,0.5226351056423868,0.5155033910001686,-0.0819878054591551
51,13,0.0374822970063812,-0.6813930436354543,0.1806531157424788
52,0,0.1389783392221122,-0.3880358917907709,-0.1904260649494716
52,1,0.4999066846415962,-0.1517709547543396,-1.5725697853108709
52,2,0.597455889530488,-1.3076725918577945,-0.828937860040306
52,3,2.8677987795911504,1.6506483614970904,-0.3750224122040602
52,4,2.062467809407834,-0.1981858463619433,0.7365554536690238
52,5,3.403079926040252,0.7945701943622275,0.0666080064630912
52,6,3.466560418925725,1.2885392468525976,-0.5602018943525154
52,7,3.4195993958525457,0.9002621483616762,-0.1289852089023199
52,8,4.325520032953564,1.155752913486613,-1.2826493534624426
52,9,1.292464251265768,-1.2472865378846003,1.1563531322112237
52,10,0.545513275116907,-1.6764108990614222,0.1887057430037537
52,11,-0.773278985106828,-1.7943316153080695,1.0166742777513411
52,12,0.3660352355722003,-0.7004609413105801,-0.0238754704080932
52,13,-0.013114247477634,-0.7653435448246527,1.0774538986580624
53,0,-0.5431700880282508,0.6838554469230312,0.0160285075460933
53,1,-1.507000839452289,-1.4647486476869496,1.7515705428804107
53,2,-2.865575885661278,-1.5388474564945158,-0.981508639240666
53,3,-2.8082258900369976,-1.2609483794623313,-0.4682534900821425
53,4,-2.747049948440606,0.0259368700355512,1.5150002916466652
53,5,-2.0942112287537915,-1.188072173393654,-0.9311060978911316
53,6,-2.086738947192781,0.0396416054657143,0.900751987587537
53,7,-0.9626708982767777,0.1363469298380923,-0.0090460395406899
53,8,-1.6794921382033825,-0.981569805616253,-0.293697072553898
53,9,-1.5836905099545728,-0.9324019779456602,-1.380320203434091
53,10,-1.1701658421986838,-0.1563985137653993,0.4609877102948542
53,11,0.943321853832232,1.7548289470890028,0.1342584097617426
53,12,-0.7464281827096728,-0.9213782645415552,-0.1610469452748847
53,13,-0.3497302848108365,0.1989892877360708,-1.381646802412135
54,0,-0.722402262684996,0.2861293558402084,0.352647972781168
54,1,-0.6908335102026641,-1.2284261983268792,-0.2875684169383135
54,2,-0.9602774187669936,-0.94387935338646,1.0309373110272726
54,3,-0.5755659015318924,-0.0391691594590895,0.7727810600345066
54,4,0.6412080990334234,1.77870725973788,1.0603332266577763
54,5,0.5702877445554884,-0.602741917239777,-0.934494497504036
54,6,-2.107629882943528,-2.355935908319212,0.4014608057049778
54,7,-0.8482446537736668,0.0072313754369728,-0.1803318757392707
54,8,0.8452536972933398,1.0691532467114933,0.4596948962486035
54,9,1.4354290770621725,1.0525433952240508,0.6400681253132037
54,10,1.3840988949777016,0.3697720900783373,-0.0511855370089978
54,11,1.144792543467222,0.3201530550459864,-0.3696559471562679
54,12,1.7914701289339527,0.0454705582733835,-1.4195457479064724
54,13,1.427580139039571,0.19255644550967,0.4847163146734418
55,0,0.4294566489836908,0.2247731239329549,-2.638821501528181
55,1,0.6964622709276694,0.2054341366106408,0.123861727857414
55,2,0.6211347749152926,0.0069680268200582,0.5214859776299401
55,3,1.7919994105278592,1.304288482685756,-1.1238848682625624
55,4,-0.4392429079212759,-0.599191965676562,3.299201028795898
55,5,-0.4279812428537183,-0.4331983029493849,0.2394897828956147
55,7,0.0365424548914262,-0.7337716395258066,-1.6414231482535613
55,8,-1.255619339375861,-1.1445113646307563,0.4611620960037836
55,9,-1.109223887860224,-0.3739412687243439,1.6606322537784417
55,10,2.957038436140899,3.730376814874076,0.7953800818812842
55,11,1.0459628541089685,-1.1341046611447692,-0.2964660777433714
55,12,3.2821803731760024,3.1046575533678893,0.5898012770958561
55,13,2.5042651089069934,0.0354483517444964,-0.1903865558033773
56,0,1.712433025189362,-0.140657233278855,-1.8058794566324332
56,1,1.0587755253259343,0.1029865215603777,1.2837253322182682
56,2,-1.028249274606346,-1.601240950372127,0.6312972852783345
56,3,1.744431211052093,0.2864833644711191,-1.1286385404316142
56,5,3.3328305119357418,1.723813792898793,0.2720924411251076
56,6,2.8744819681062808,0.0477378696251985,-0.5106359276533305
56,7,2.7115791536259426,-1.2140172868345362,-3.1720253640539524
56,9,3.302808549968693,0.9904662287191808,-0.5825002162551947
56,10,2.802634116728257,1.300389179985391,-0.0849169561542787
56,11,2.8160719380566053,0.2126033210943946,-0.5180969587731071
56,12,1.5839663142324882,-0.5251881846075735,0.7758909792661602
56,13,0.5975533756127553,-1.6807243985671447,-1.4613131506109114
57,0,0.4426741246895736,0.6847095181410193,1.4290786512196
57,1,2.4314493503483927,1.4980349087913574,-0.9728553002572168
57,2,2.565665946540626,1.284552328817946,-0.6284784065230116
57,3,2.883731484526451,0.9796267812063956,-0.3397810192226715
57,4,1.8920084789296956,0.6541665746447588,0.5341211904402127
57,5,1.3048681580351746,-0.4642868256086833,1.1615983163892478
57,6,0.7417944981531627,-0.2179348350293844,0.9383086206847084
57,7,2.361992675351152,1.4316238192698592,0.0002239440109003
57,8,1.6344823089593623,-0.5846820619008588,1.2467510444919525
57,9,2.1082008067015856,1.5425887068622894,2.4524230151205817
57,10,1.9442136647231287,-0.161165554356692,0.5897820453382152
57,11,2.129012560087117,0.4628192729547343,-0.8874250964949355
57,12,2.638234622991538,0.8558648747991511,0.7156652289025699
57,13,2.0364478762281406,-0.353644468976931,-0.3601946817080717
58,0,-2.365522970467556,-0.6927966708235669,1.1224069057640134
58,1,-1.2390402093972883,1.1421702636768154,1.1506614037489131
58,2,-1.91107393413966,0.1889742797744464,-0.2576161253578365
58,3,-1.5944906748731975,-0.0766273591950568,-0.4087097701579681
58,4,-0.3536942774391057,0.2448754052687719,-3.183301491373548
58,5,1.031080743680049,2.46743066763632,0.1037149183288891
58,6,-0.5356799199645053,-0.2014109453249741,1.4203258766398912
58,7,-1.8189718610265375,-1.6883129012177744,-0.9239244057589908
58,8,-1.5924145519122497,-0.0353970995478163,0.26677466316154
58,9,0.0971717726261405,1.0493476908891677,0.888178499182082
58,10,-2.0338793597513662,-0.143143761803303,2.413638940227908
58,11,-3.466061092627071,-1.7775113210179307,1.0326954969014723
58,12,-4.023115352543994,-1.9498001180886624,1.0655888374068725
58,13,-2.9470832290384448,0.7861213150695515,1.2655542214455218
59,0,-0.3066079272326876,-0.0394288583846849,-0.3085338353784841
59,1,-1.8905519446909165,-0.4706148246618387,2.234565730871765
59,2,-1.5933706585681446,0.1555872862582951,0.8702038961534698
59,3,-0.9497498071529576,1.2950742191863664,0.3142301664893521
59,4,-2.415830827620662,-0.90220126941176,1.4150435725203654
59,5,-2.193920587786544,-0.4431962924743436,0.0263334851199698
59,6,-0.8238069193748324,0.9679508439706698,-0.1677588337070008
59,7,-0.486669284092021,-0.1225879530494131,-1.7755768236397549
59,8,-0.8194912151260775,0.2333492300758903,-0.7409650198282324
59,9,0.8120449924135447,0.8480526837324723,-0.2824891574926239
59,10,0.7125489944992791,0.8763637060455888,-0.1602438367775552
59,11,-1.0464780276784422,-0.6841778381254394,-0.1156066656186467
59,12,-1.5051851646964125,-0.588481591678803,0.8862535149276755
59,13,-2.2993150332812142,-1.4563073911636946,-0.4363709711379415
60,0,0.9736152233910936,-0.1202488248450124,-2.005252966416745
60,1,1.2923289741488209,-0.1792995938098643,-1.0373176153565522
60,2,1.1447136834107583,0.171019877790409,0.3024901575836839
60,3,0.8187138395940337,-0.3416924626145098,0.1390191678909673
60,4,-0.1770880155457098,-1.3833232648711646,-0.5440662418219381
60,5,1.570607969831988,1.8863054570073483,0.2964977945298804
60,6,3.4260211106121106,1.47967308704061,-1.3662379965151044
60,7,1.914914944613613,-1.3165888002305588,-1.1726424914005096
60,8,2.3339337497727404,1.1633151006371143,-0.0979708534248074
60,9,0.2323955062507423,-0.9162921867122698,1.2993820153916475
60,10,0.9431146491888548,0.7139650644370463,0.9147558254004488
60,11,0.8791709877151437,0.6853086818947456,0.0971397232166313
60,12,0.9267116344700566,-0.2101516705009362,0.2113322901027519
60,13,0.9835530016974904,-0.2251801186886601,-0.1041656762473467
61,0,0.011199782048019,0.6602767005568689,0.4443502253729992
61,1,0.3083235529437033,1.5213988457748648,2.2638587301176814
61,2,-0.4146155108916559,-0.8328802113270131,0.995719484757954
61,3,-1.2373618843641307,-0.5382112634231646,0.7026628714497716
61,4,-1.1477512589415328,0.074061774873594,0.484502317837718
61,5,-3.010538982769588,-2.340830992958161,1.1751209058039769
61,6,-1.2728614574016963,-0.8037500609546719,-0.4827706151079786
61,7,-2.735131476950066,-0.537767706448382,1.972786824673906
61,8,-1.2488110940978323,0.483182877017831,-0.4496001344081901
61,9,-0.6839530505855866,0.7362107656626647,0.7076232906858039
61,10,-0.1861577300410658,-0.0179791585469915,0.167552181536314
61,11,0.1441747743937779,-0.2632552709238824,-1.2493996100050266
61,12,-1.149486673697973,-1.7941583228710771,0.3858259670181449
61,13,0.6023680998092694,1.0842313491357525,-0.5051255061415494
62,0,1.592083488496323,0.7230073425270664,0.1011524728499902
62,1,1.687148870497108,0.3951463923928708,-0.6632507746365801
62,2,0.2147025904016365,-0.2751467884537001,0.5125860611564538
62,3,0.5856448547440163,0.1020647310036333,0.1602870215046856
62,4,0.0975413380516703,-0.7914911108805727,-0.5788453750634379
62,5,-0.9137433972645054,-1.3434427940388216,-0.876334389829484
62,6,-0.2718566410415995,-0.665027354711248,-0.3016249551176846
62,7,0.9872810837193096,1.778429806817291,2.4923834627482124
62,8,0.6839121739790119,0.5204375377469783,1.51494384041432
62,9,2.115181358449258,1.029315254324728,-1.1099553110707252
62,10,-1.2262245484689789,-3.0017240662982863,2.184968087009488
62,11,-1.290365012987012,-1.1481890055608035,0.5435920432893263
62,12,-0.1901903031447823,0.0436010131893068,0.6062165815695857
62,13,-0.951775120372403,-1.0031646919681383,1.4971911227149155
63,0,0.0442692779596141,1.1398646586529504,-1.0816868762534129
63,1,1.4271355624254547,1.4365165576316972,0.533796940713728
63,2,-0.937375124567095,-2.192381295639578,0.1352703875088444
63,3,-0.8206468237272043,-0.6043362398209391,-1.015889379332479
63,5,0.991382882753728,0.8775465636407139,-0.8871738983356714
63,6,0.7513644286441289,-0.2099377035055483,-1.1220991039900934
63,7,-0.7943773975655466,-0.9393446066562762,1.0727494614606043
63,9,0.1737650282081043,-0.5637705370755552,0.5007575574731234
63,10,-0.1441554516673253,-0.0921778153905061,0.6511445210940846
63,11,2.0568073188380174,0.1430580116444745,-1.0773081422988031
63,12,2.226803872255484,-0.8880977979236603,-1.995193481312428
63,13,0.6841913661320606,-0.2671801149790018,2.7451008875970326
64,0,-0.6295673693305222,0.6307802118702228,0.2528000797008985
64,1,-2.736271091113716,-1.5878542440180978,-0.9865235396323055
64,2,-1.925814589117451,0.728143444501833,0.7188093985093674
64,3,-2.43860181217263,-0.8300793504035335,0.8149949150860113
64,4,-2.3840885521085275,1.2628912924492424,1.7233189395371735
64,5,-1.979495414899321,0.446296040720228,0.7195392887218581
64,6,-2.1006747445798464,0.4060311704951815,0.60410040345411
64,7,-2.5555172624329603,-0.5633692179234465,-0.8471396400915033
64,8,-1.7434504850086476,0.7213933133584548,-0.1547751259262814
64,9,-0.6689587916198053,0.7709493940845102,-1.9524608343425551
64,10,-0.8943498136265693,0.1202795511418305,-0.2224954023228287
64,11,-1.0030422442324998,0.4370735028599221,0.2408475623464876
64,12,-0.7957726915154878,0.7535918057368989,0.7648549322597056
64,13,-1.3400835731060514,-0.211470312578363,-0.3910803328135519
65,0,-0.7451567616563031,0.6700491140636077,0.5103339380320703
65,1,-1.5594225485328486,0.1767566159768887,-0.5232678660422909
65,2,-0.7313967584320968,-0.2041900045765296,-0.8494531708098568
65,3,-1.563729012945468,-0.0324651179767226,-0.6746642516535215
65,4,-2.5920023219133537,-0.0379139658364509,1.7757400537905736
65,5,-1.956737144882565,0.2035981289789075,-1.4510052036663248
65,6,-1.635437309679784,-0.3592052256151093,-0.6147363771022386
65,7,-2.756727219263652,-1.1944398016249018,-0.9323878164477098
65,8,-4.7292273938238525,-2.68940085769061,-0.0017407521144201
65,9,-1.8285740460406164,1.3267975680470865,-0.2788868853280314
65,10,-0.8666200489456266,0.1127581066698864,-1.776593253641967
65,11,-0.6671825055921397,1.4902152600440937,1.3896121591600752
65,12,-2.5720648774678136,-0.9931885752186704,1.291651059014277
65,13,-1.888152915532987,0.0348715919157459,-0.6441543490528551
66,0,-0.0910840455261942,-0.3239981270051792,-1.43134679337716
66,1,-1.1939977365618777,-0.0624166470227257,0.676716034479339
66,2,-1.2905494939458826,-0.3721127901537288,-0.6011191959339004
66,3,-1.4353448385474703,-0.270059853318673,-0.4977196287362083
66,4,-2.790308182860993,-1.4887030351397956,0.5442150240434267
66,5,-1.521148645328234,1.4570725037612553,-0.4610541215681584
66,7,-0.7332501747506586,-0.4184194276695742,-1.0259099778487102
66,8,-2.3146529589966733,-1.4590665237886256,-0.7669839153332008
66,9,-1.9558493891079864,0.7321744802308814,1.731208206210009
66,10,-0.4729180224897761,1.4346670769155738,0.7541358772508229
66,11,-1.933631136314,-0.4393455715801802,0.7578378619962516
66,12,-1.298445294508622,0.0988502442297894,-1.2423499562393516
66,13,-0.4611899520714853,1.7876829225394637,-0.4451537469915008
67,0,-2.8835275076388003,-1.520689504506888,2.1066424269313853
67,1,-1.4911511766181291,-0.0882895280837535,1.678737028952915
67,2,-0.8262495996596164,-0.752188687301834,-0.0712977813041538
67,3,0.5438179452549965,0.1917449470872212,-0.9066015734978314
67,4,-0.0913913133259254,-0.8859821412575888,-0.3092936094170017
67,5,0.8340413112033953,0.165847277691539,-0.201179964295294
67,6,0.8347446377715158,0.981796496455268,0.5663742782260694
67,7,1.9496751026042516,0.9817880288114468,-0.2106380040056577
67,8,1.626971964113665,1.046933519629908,0.7959104861803993
67,9,2.505381110866121,0.4567550141791895,-0.7921308660659216
67,10,1.5201282474423596,0.0952881642591099,1.27594035971667
67,11,2.404143608554932,1.2697650458392562,-0.8679166874366048
67,12,1.052001719615419,-1.4627121730644748,-1.6050443080120191
67,13,2.6153187342523987,1.9563515166852308,-0.1999615970580777
68,0,-1.1653749923567396,-0.625703625811153,0.0890868296239477
68,1,-0.6400639502175881,-1.272426722723187,-1.7369273693033187
68,2,0.3834929917359614,0.4277708117464039,0.086129761100972
68,3,2.960495803504454,2.634655535247827,0.4482876880047336
68,4,0.9745673632659174,-1.2410335972700828,0.1468273201159487
68,5,1.1779265724057164,0.0616557316707086,0.2909015567963313
68,6,1.2948206196566086,-0.9836922555038016,-2.2327184230916424
68,7,0.8482590413911344,-0.0453012882507287,1.8039409999283165
68,8,2.139521283026074,0.4207961020404711,-0.2524600777680694
68,9,1.96837159311493,-0.3604835486602462,-1.7458739071894604
68,10,1.6281738261515948,-0.2152967096883944,0.8482416264073473
68,11,2.035882186446228,0.7098562580998827,0.0884958096017075
68,12,1.4815105402296251,-0.1582737606018716,0.4419450962249394
68,13,1.1841187831855569,0.4175168390812241,-0.1067145455149911
69,0,0.4534621519646929,0.0353901777997335,0.7259909053362578
69,1,2.3586390011910083,2.0057034178965045,-1.72767442629163
69,2,1.908340940473351,1.0270555868902385,-0.3410394893627341
69,3,0.6806997176135867,0.1442512427247742,0.962678505200932
69,4,0.3058492918088519,-0.0759791101044878,-0.5925693461395563
69,5,-0.7839647678030224,-0.1799183042820381,2.15970346423513
69,6,-0.7391619298957435,-0.5565564857002991,-0.0174382950778834
69,7,-1.6872085906114855,-1.6836600224847,-0.5596067045071756
69,8,-0.095179808802272,0.1966937637134105,-0.5137006803068007
69,9,-0.973621088783924,-0.7652353861906412,-1.0064023891673053
69,10,-0.2327785554701217,-0.3954412629654001,-0.9546032619888764
69,11,-0.0075992162613353,0.1756063918168915,0.3955913583157763
69,12,-0.3016189224592781,0.3333268093027309,0.4687052345494496
69,13,-0.6274690272738918,-0.3358581565686864,-0.1038104022169836
70,0,-1.3057428385920102,-1.3594256841754295,0.1476126916990333
70,1,1.008881571984093,1.145730029547876,-1.411543713754998
70,2,1.5468227202993934,0.4072191297389537,-1.4489594984494534
70,3,0.5632805926312028,0.604461028885746,-0.373492196002011
70,5,3.1996836305425997,1.4111254755108718,-0.2443354115507921
70,6,2.493052961640516,1.1845373498386178,0.0732752054153763
70,7,0.8136830756614445,-0.2000112234976777,0.5639062968048538
70,9,0.4616378024399687,0.3091741591015566,-0.5489951565986593
70,10,1.0550543826727392,0.1579612414627514,-0.5554115120636721
70,11,0.3401867915881694,-0.4766708410719881,-0.9276463312459144
70,12,1.0767705782545507,0.4121863759364644,0.5234178808800346
70,13,1.1853902908299725,0.1825010845878491,-0.7530469238068168
71,0,-1.034912848136479,-2.7015927651725984,0.7739142464094895
71,1,0.6077001735925482,-0.4489419517174403,-0.5713960303214634
71,2,0.8643813340719022,-0.5392815670974697,-0.7277454660598105
71,3,1.9280597175573748,0.1606324865389853,-0.4386593168243722
71,4,-0.9876872938663996,-2.3003605051815947,1.2316616145648491
71,5,3.2076734959449307,2.277742935186683,-0.9865396243211528
71,6,2.4452790002058533,-0.5579931434528774,-1.336509285513695
71,7,1.5761262779249143,-1.4243756967962669,-0.8142492893989238
71,8,2.7824467943657902,0.2523284681189241,-1.4724536302459796
71,9,2.95858656055664,0.3972493191226057,-0.5746752420006496
71,10,2.12891091123002,-1.1032094073836427,-1.4968072438790807
71,11,2.888977144049133,0.6566885414625349,-1.0602701002512065
71,12,1.1915162690396288,-1.701081211631852,-0.7831622880749601
71,13,1.6652400269356722,-0.7862620343477668,-0.8314861706177608
72,0,-1.0020268777694377,-1.2560525341241278,1.0470555616750403
72,1,0.1199670276786825,-1.2452572222465106,-1.643086973203395
72,2,1.27847761265987,-0.1101549323953026,-0.9030075262748904
72,3,2.641317357968984,-0.0017850093777437,-2.3928017990845145
72,4,2.0679521342167098,-1.1208481542995825,-1.1607350667727534
72,5,2.369185199787825,0.3112957718470264,-0.5894896761874888
72,6,2.7623807561282883,1.4944284042122378,1.040426736101591
72,7,3.147792055105735,1.4335796480924876,0.170843814809573
72,8,-0.3946466099162735,-2.457184603511639,1.8852816081963943
72,9,2.4458234819787763,0.9289272283780576,-0.9847965492587342
72,10,3.0955001799478645,0.6659561372108743,-0.0007349488537183
72,11,2.610909889504915,-0.1650708382422473,0.0509333055768896
72,12,3.020590562300757,0.66817339156559,0.1903327617289144
72,13,3.2132936204884968,0.7276561761094806,-0.4532324417869168
73,0,1.7179095368247377,1.5852443073929698,0.1230960559417809
73,1,1.3493785142738368,-0.0521455929703855,-0.3946730805535715
73,2,2.3889277669471176,0.979473091617184,-0.4373017660083184
73,3,-0.0432568611346817,-1.3332078014864213,1.2458205430082194
73,4,3.097244664121181,1.2490659997315228,-0.5231770622735498
73,5,2.0485963443628523,-0.4827391953273657,0.4191003873076381
73,6,3.8202988029519536,1.2596650847404878,-1.507395078811641
73,7,2.7234170895927394,-1.153336751418,-1.3739871180984211
73,8,0.6340852756020191,-1.5822745384082684,1.6104024941530528
73,9,3.0271698452180504,0.7066308760618585,-0.5476517670971925
73,10,2.433717481833924,-0.0505391151003212,0.5748344869585734
73,11,3.460084353711069,1.2018508826101313,-0.3833154320110503
73,12,3.226953200447284,-0.0585820603634375,-0.7416527784098917
73,13,1.301819100810008,-0.8653646567947629,0.1402866705351803
74,0,0.6732227816779891,0.1278887000931071,-0.3479977829431738
74,1,2.6756515452511547,1.3338502729341826,-1.7445786364022675
74,2,2.197284569385868,0.3621364039530589,0.1093295940523791
74,3,1.6405528929272055,-1.080019500759526,-0.8834791115968776
74,4,2.7340118646131124,0.9225603685063204,-0.2198841022258041
74,5,1.2078955183774789,-0.7465490970714334,-0.6826396494643636
74,6,1.0318562045399684,-1.0236830655766476,-1.007119002859897
74,7,0.3484567135072431,-0.6242900930703682,1.2931711520888145
74,8,0.9076760606483982,0.008255836995107,-0.2015905818626767
74,9,2.0412102435225337,-0.0377928779213152,0.2453714769053536
74,10,1.9643829804600477,-0.6948828062514645,-1.6660513026606576
74,11,2.847719218253278,0.7956978125701791,-1.596444732010374
74,12,2.2741244374913285,-0.6399556453984315,-0.1940221955619641
74,13,1.5846296396437365,-0.1574747795540732,0.4433129259706445
75,0,3.2056228395882167,1.924646438807168,-2.3415766777034084
75,1,3.7844593949831538,2.4893744724809603,-0.4022959047521558
75,2,3.2880204359640226,0.8022375662425334,-1.0321470090644704
75,3,1.0742714594843412,-0.972651636747178,0.0292577598584007
75,4,0.3058519542386593,-0.7667737450637652,0.2411058963205295
75,5,0.9731300835914688,0.4633910114569239,1.324655656777591
75,6,2.0530462812737604,0.3445292006472409,-1.0827483094625312
75,7,2.675480094081274,0.4709323907177734,-0.8404575523610545
75,8,1.1275962595826323,-1.65432022021103,-0.193793118343674
75,9,1.188008752200956,0.6237747459141779,1.2310339870385576
75,10,3.409648657916499,1.3314743990421225,-1.649850117902541
75,11,3.3793217440476107,1.6703092185000754,0.3557139427251612
75,12,1.767752211883816,-0.7883770104988896,0.3993089623991872
75,13,1.5912916462746975,-0.0951017183606688,-0.5371338064166281
76,0,-1.5608945783493018,0.3179401261766121,-1.149349327393312
76,1,-2.398457697150957,0.4634507048676008,0.0960228452511153
76,2,-3.577570778575079,-1.7307987409850871,-1.1013886576133327
76,3,-2.7685190840982647,0.6492089383775111,1.3585633478291848
76,4,-2.227028909968606,1.5343137094369013,0.6654205391213668
76,5,-2.176163669794031,0.5328675375429582,-0.0875477764727713
76,6,-2.896068369075905,0.3831787706914442,0.786691858216685
76,7,-4.521351325344777,-1.8465477047464176,0.2926928532012013
76,8,-3.434968171145908,1.164792412777536,0.0553895339789003
76,9,-1.7907542406883454,1.5215836065267636,-1.0083850622217243
76,10,-2.1523714580861277,0.4847539894421854,1.1779007943795812
76,11,-3.538168595672292,-0.4856666576880636,0.2533607673313479
76,12,-2.538723483591629,0.0476499635893132,-0.2152903569931029
76,13,-1.563389568456768,1.7645686860276486,-0.078613427794085
77,0,-1.6299558620877093,-0.8746594099098735,-0.4402635556243492
77,1,-0.2925037176204179,0.7456063404225294,-0.2497014698066955
77,2,-1.8380059336944785,-1.8527084171671837,-0.124184088843567
77,3,-2.208616467639775,0.2709862616860908,2.250735806754914
77,5,-0.5660700018575424,0.4649683903772401,-2.557376038636666
77,7,-1.754510969333387,-0.7602680411278281,-0.6481483408471553
77,9,-3.014891623265583,-0.2986095577771711,2.5641594900532865
77,10,-2.046889269985948,-0.0910751206634512,0.1702520554039068
77,11,0.6007506654796617,1.4519612787992322,0.329572055930121
77,12,0.5270350826925955,1.4309255533090988,0.0042653511361273
77,13,0.5735878173505288,0.3459768211977402,0.3453183524264745
78,0,-0.5152231980938182,-1.1592211578446376,-0.826714611061205
78,1,0.7881288996861922,-0.3870007420923154,-0.2037381156677715
78,2,1.2835272763091383,0.7015088148980766,-1.1970190231200406
78,3,0.1099822390400697,-1.5744515468779392,1.2562408701267933
78,4,1.0314784537293873,0.484569976753912,-1.0327968961834084
78,5,0.3591729852203192,-0.8599659551046464,0.4396393406379868
78,6,0.1268444684540345,-0.6484202908681611,-0.8386524593472152
78,7,0.3145938414443225,0.6433793764815144,1.949371326165296
78,8,0.9473707029865708,-0.1823675707987866,-0.5652424296088466
78,9,1.16492004657981,-0.2824879657211021,-0.5528764843553934
78,10,1.4276943237798516,0.3541765692886704,-2.0992937179545708
78,11,1.691813957027103,0.1597739528436409,0.4473893575093038
78,12,1.6452573478956865,0.2998365645948364,-0.522877483438765
78,13,0.6487161666715175,-0.9352964139607672,-0.0117890944696888
79,0,3.5280572002424004,1.1941484430533231,-1.881331775867987
79,1,1.9682993685190049,-0.8211801699946943,1.6260513319042271
79,2,3.108467704336072,1.342563199156683,1.3757066889828626
79,3,1.6002250695245763,-0.860797643425257,-0.0903307905334523
79,4,0.9201645474721452,-1.4778419556773308,0.5772496913501813
79,5,0.9902323741378416,-0.870557388368982,0.189577856616795
79,6,0.3322737812673185,-1.0306163665541164,0.9964204708603306
79,7,0.6713010814989836,-0.6759637679912922,0.6331621697176977
79,8,1.1774991211564698,-1.908732855565279,0.0614791598093535
79,9,2.5481533934419462,0.5441343584664755,0.3109962295939789
79,10,4.487163461831793,1.4548518459697275,-1.0513582257853484
79,11,5.189017798315251,1.531605872279294,1.6625278677587805
79,12,3.4143661500898794,-0.5492220769380292,-0.082922921607656
79,13,4.8746795619755945,1.7201770537520185,0.4842292085598606
80,0,-2.1349141309155653,-0.3603103941322143,-0.8821320209514385
80,1,-2.333022010020894,-0.8097485180305793,-0.0725201314700905
80,2,-1.6627959096962823,0.7058721468103175,-1.0612789880736917
80,3,-2.7727140484630706,-0.8434615013125565,-0.3524919487868773
80,4,-3.270223986190953,-0.480684402450932,1.3198013266127746
80,5,-4.841132814681469,-1.4925033209176162,1.0203534845286488
80,6,-4.693703380872824,-2.6479586473754613,-1.1251110492643022
80,7,-1.572176865071686,1.5282187894868156,-0.5059000897486778
80,8,-2.2502058761647343,-0.2836265039560834,0.8471209305308278
80,9,-2.463522984829313,-1.6172484199221413,-0.6207644515435694
80,10,-1.5858681372643335,0.231840941905893,-1.1954986869619242
80,11,-1.258853371672542,0.4843205775026015,-0.9037228964100924
80,12,-0.8214468944171033,-0.3128616659020103,-1.061027666548101
80,13,-2.034971988224627,-0.3910532368404795,0.6995752266287268
81,0,-0.9618880473741472,-1.0488230457070529,2.3381647424830097
81,1,-0.9229205789068218,0.6787138319275142,1.205242033881061
81,2,-1.491510587948651,-0.2450578098581567,-0.5787978374382415
81,3,-2.6201620184746828,-2.2122602754540117,-0.0440689516819716
81,4,-1.5310738082601902,0.2190502414452573,1.9485275058852627
81,5,0.8049686189623017,0.8101059376284664,-1.6627106690341042
81,6,2.2317837448099587,2.1395370572704526,1.8099456198677863
81,7,1.505074631807731,0.965373062116135,1.0402337104422517
81,8,-0.5380660307128113,-1.7646683441844846,-0.2772162580190033
81,9,0.5995090428477594,0.7033316727147151,0.8155987384781619
81,10,-0.0158976598289828,-0.1764861411189276,-0.2012891493534433
81,11,-1.5616401906851916,-2.4173229278836392,0.8402947050666679
81,12,-1.5804192530667531,-1.5100249442500666,-0.4459673363129549
81,13,-0.3194446373028793,0.2301722287215392,0.6880781613479188
82,0,1.4903015442818195,-0.6437898250460391,-0.2969538455750895
82,1,2.8938809899072755,0.5133914383368373,-0.1714531011174823
82,2,2.946714347942217,-0.5610159521220305,0.1545254995813753
82,3,2.895968308003032,0.0824687662485572,-1.082001792129201
82,4,3.3785675906084656,0.3792646619274359,-0.2871288703667476
82,5,4.256168933467852,0.4819560272845128,-0.1813868157825083
82,6,3.4067114265691965,-0.3726890638615378,-0.8067494139737732
82,7,1.905739957230995,-0.3739905087839072,1.143613324377039
82,8,0.3317191375019369,-1.72392890640741,1.9750899264787456
82,9,2.2051920556232445,0.4363890830081259,0.3695004830655979
82,10,2.101531340112401,-0.382234417492569,0.780671420229851
82,11,3.625020285423983,-0.2191904785522052,-2.0744984876868764
82,12,2.9468466447225508,-0.4184360555344343,1.3889831620669728
82,13,3.334723255178227,-0.8530322398357075,-1.2208766978145535
83,0,-0.0421886469584546,1.216516915979334,0.1448445233436753
83,1,-1.1846881580886597,0.1464912916684549,-0.879529495596176
83,2,0.5425543918833726,1.141876191779286,0.1224988920070762
83,3,0.1265816873374454,0.9515978914448292,-0.4818518521231869
83,4,-0.7010530750996296,0.4814553585730344,1.4701046426772817
83,5,-1.2313348792195402,-1.369664560533226,-2.3893166625496747
83,6,-0.6928228548375104,-0.0541442587832309,-0.4599206015876428
83,7,-1.822203637191283,-1.0988410839377671,-0.492819360071248
83,8,-1.2509106784705222,0.0706914987979875,0.0658063791128113
83,9,0.540665471673988,0.8570647550845585,-0.7453868426212497
83,10,-0.2922410405491741,0.8754150605707532,1.8189029155685883
83,11,-2.093247274758011,-1.6003488376028911,0.4080913626264962
83,12,-4.009131424493434,-1.8534470143086967,1.066432051197361
83,13,-1.6194476390202768,1.3417771966943712,1.0668523103683796
84,0,-0.7626588277726765,0.2619041353442077,0.7863344063446513
84,1,-0.3030713215490618,1.9066847059297112,1.5736191138483973
84,2,-1.5519543482111506,-1.351878309254234,0.4304226642749528
84,3,-1.0394682374739517,0.4197597671468269,1.3276450671607982
84,5,-0.892219730634268,-0.5856371203662601,-0.324553216093262
84,6,0.0594882053923047,0.8999739814907931,0.2952761817521598
84,7,0.0856310148325509,0.5987166230491461,1.3640592857751417
84,9,1.0579350870346436,0.6971645269490435,-0.3046109022170393
84,10,0.0660997551139563,-0.7360040735530666,1.506826026987618
84,11,-1.7706982182823432,-2.0194088218529136,1.2747955564851747
84,12,-1.2742844110639144,-0.6303901279635928,-0.0736386363743548
84,13,-0.5697340291420707,-0.116634794097099,0.2089560169884375
85,0,0.5399953389417924,-0.9739873972611336,0.0177985544750105
85,1,0.204642986169736,-0.5360494310251251,0.3358390107632911
85,2,0.1763650125832042,-0.1102885938811348,0.371831082114569
85,3,2.7842681230464508,2.1449007424413384,-1.0540183089423063
85,4,0.9376254704803548,0.1367299023060442,2.4888928831631025
85,5,0.6216240285424705,-1.2019955377546394,-0.3871340986087614
85,6,0.8380690618043186,0.0769591897474402,0.7532225875074966
85,7,1.2590196750352216,1.0224777679568595,0.7917568673431199
85,8,2.090867437166419,0.8878983941479492,0.2684677764686884
85,9,1.5725827031661517,-0.2363693331609185,-0.1100847000081486
85,10,1.1395208897943323,-0.6426915887874606,-0.1972751054476041
85,11,-0.7309143296236544,-1.762237914502772,0.5955097206282205
85,12,1.0199024172887787,0.8055327533734375,-1.157478636777315
85,13,0.8770628672351299,-0.1356497926535937,1.1405657995825322
86,0,-0.2460085353513555,-0.50303802315703,0.5298727910353314
86,1,-0.1944244641266254,-0.8775794015041186,-1.2350056490913892
86,2,0.0792233369738988,-0.8213382500734393,-0.2738649023448373
86,3,-0.3697238756057135,-1.9089047245105413,-1.162965628001268
86,4,1.0559763659470431,0.3154746557142359,-0.1290862051835201
86,5,1.632505462507328,-0.089830136233282,-1.2352331894405175
86,6,0.3164613633234698,-1.333959201379899,-1.0271757637626349
86,7,2.6753586257834203,0.7349522640456199,-1.519324045928179
86,8,2.957458930431668,0.8647055696111665,-0.6113598404883384
86,9,2.4658985870133776,-0.280517721164896,-1.2558802213528768
86,10,2.754595560726903,0.4335362348782525,-0.6989371863871356
86,11,2.268944993838032,0.4484416013745241,0.7761315491806449
86,12,1.7282802710983365,-0.5930981505097808,0.8207301432094719
86,13,2.189373635167144,0.2546987301640986,0.7059646195904444
87,0,-2.3310195075859235,-0.913137823705905,0.9007066733007252
87,1,-1.9984343960835784,0.6917693238452816,-1.186628467989274
87,2,-3.5590155118985094,-1.4792200425568824,-0.4101518232123858
87,3,-2.899483437027493,0.5817285120835053,-0.1421933692128255
87,4,-2.994340195615262,0.030722070492265,-0.9199569670372388
87,5,-3.8277535488970096,-1.4892611217078116,0.0749267498714838
87,6,-2.949189559941694,-0.3304485133961505,-0.5189600725318287
87,7,-3.318140126810412,-0.2982528425313435,-0.1457593179010995
87,8,-3.853882324989333,-0.5322726743923039,-0.5854506742113068
87,9,-3.197112302834567,0.6311190106193492,2.1358867977732534
87,10,-3.0304882068141925,-0.0697305886680229,-0.0417068945133388
87,11,-2.108428442678303,0.3331164704608477,0.8022028860653242
87,12,-1.6913067028104476,0.7713154110682195,0.5610844362088468
87,13,-2.575697305693236,-0.6437230769720415,0.4505092835070075
88,0,-0.0953547647170248,-0.0801393742700149,0.165395678024839
88,1,0.4747936109254455,0.6688623020312098,0.4435141176770111
88,2,1.032390814702679,1.0916327904256924,0.5719586633149871
88,3,-0.6892295517847015,-2.162044368394477,-0.6161252489425679
88,4,-0.0871752693808931,-1.088962817500104,-1.4791729716360256
88,5,1.2650746182463657,0.8712237061514457,-0.6554326110816653
88,7,-0.6646168905537346,-0.3534977204909409,0.8895289694786813
88,8,0.3650961463250175,0.0528224987042415,0.6915176694657967
88,9,0.3575615182707967,-0.205483226349888,0.3678877165293254
88,10,1.789238470340727,1.340079858402949,0.6141972303118405
88,11,1.8920470562763847,0.1913409962736263,-1.4960999051001247
88,12,1.3972277563844788,0.3938259034956059,1.2988287918688166
88,13,1.140040400436274,-0.5961570995382468,0.2917186366389398
89,0,-1.0689819050812104,1.097584860845251,-0.3464508733249036
89,1,-2.390163453368476,-0.8420586309827652,1.1192588887698225
89,2,-2.9095060240658204,-1.4582834248485086,0.979461471206182
89,3,-1.039280820999349,-0.1123290820438204,-0.7742629854960495
89,4,-1.6781641908147975,0.6815783730310416,0.6712427603129192
89,5,-1.573240281351291,-0.4173821524532757,-0.3569582325249293
89,6,-1.3168295271694546,-0.1166141706521526,0.0270672736888929
89,7,-1.5210604101192668,-0.6483218017961653,-1.0084019440807983
89,8,-2.5909916354880087,-1.6704243596132735,-1.1140298310973131
89,9,-1.839877352836475,0.48346087106239,1.80294044199401
89,10,-4.138918044539247,-2.901997664630352,0.4867617206140222
89,11,-2.828476588687134,0.4112362966420934,1.5841634356838965
89,12,-0.1301350467512236,1.1412366774044014,-1.4043662236166894
89,13,-0.3029732192267659,-0.2878450279132106,0.043294984802757
90,0,-2.094231546971679,-1.4449426831483934,0.221583898764437
90,1,-0.703148155144014,0.443639391745017,0.693213948853586
90,2,0.5522326030076843,1.6525694508505102,-0.2371967358767965
90,3,0.9771867517916196,1.3820253385295134,-0.113046879233353
90,4,0.0624594828489106,-1.0057276095694303,-1.8173572443894248
90,5,0.3183856261455632,0.7012582403409328,-0.102767183781757
90,6,-0.2944663966605785,-0.7490075717237097,-0.0126623949295785
90,7,-0.2148328200786416,-0.1247935151203759,0.7128740534755701
90,8,-1.024641070494217,-1.2062715380633502,0.745520357549669
90,9,-2.340683436399513,-1.223740424135812,-0.5527350023613448
90,10,-0.9941891544065904,-0.6349020751105986,0.2243289258335903
90,11,-0.4772613218323484,-1.032645626194331,-1.126970825028598
90,12,0.319336945182655,0.2435526252746837,-0.5235612797220035
90,13,0.8568567910615522,-0.315524378869362,-1.561550210757826
91,0,0.2693279210609469,0.1672341354124635,-0.5659868691015353
91,1,-0.6519334231049909,-1.5890160886937257,-0.1803589063051184
91,2,-0.1374762169135696,0.4743433645023872,0.0474758980871456
91,3,0.5843900087865586,0.0128858356900186,-0.8498546174877942
91,5,1.062720332088081,1.144967526714117,-1.0249162686764757
91,6,0.0387450963463522,-0.7984165689254704,1.0337233747022994
91,7,0.215154798250293,0.9418732956914496,0.9860228465988948
91,9,1.190615495650202,0.5261009071171109,-0.316046078984083
91,10,1.8044197655061625,0.0584500856204746,-1.4392949301734062
91,11,4.519153687129976,2.888011493276074,-1.4714540665257667
91,12,1.8703486651553372,-0.1341177893908759,1.2502503655871822
91,13,1.758234570020676,0.9800787071055423,0.6739506427246158
92,0,-1.580460098435311,-1.0906364062693388,0.3272942736191051
92,1,0.6780482832475526,1.8445590159497105,-0.7805605632497628
92,2,0.9051809276806672,1.1491410967712914,0.9599665253950612
92,3,-0.2834317873129368,-0.6945802950898247,0.4836790292768184
92,4,-0.6825832288751625,-1.5740589313725386,1.2168348135405895
92,5,-1.5071874228477258,-1.1359384404250086,0.8542230440382087
92,6,1.1002152229569668,1.808141356056632,-0.8877796133327618
92,7,0.8965256205692805,0.4596572075304355,0.4018298144644889
92,8,0.4126434166441669,0.2418306996748309,1.567467308636386
92,9,-0.129060962091321,-0.9900073157108992,-0.8765356534324864
92,10,0.4235093895582288,-0.9338039679692968,0.2923417086908368
92,11,3.74998149378991,3.37733813027929,-0.933429427709427
92,12,1.92603099891964,-1.1533118119260426,-1.2687090207595346
92,13,1.8012489908770957,0.3008285189801952,-0.5846891128339903
93,0,-0.9131422318756358,0.1597204914611244,-0.7257176575190041
93,1,-1.7466478298665953,0.3593092063789241,-0.1090604139626536
93,2,-1.7595049005975238,0.2807446947665335,0.4788886180095357
93,3,-0.558451603781465,0.8989251812191706,-0.4152641375216849
93,4,-1.156375221298919,-0.224816466570778,0.3767931488616902
93,5,-1.3766424594592943,1.3705936148430051,2.159095133321153
93,6,-1.2831244516512612,-0.7332731092598463,-1.285997845889792
93,7,-1.0556223509457685,0.5848734610634433,1.9017546764523148
93,8,-2.9814690134237787,-1.5392651571582183,1.2747631524884324
93,9,-2.073455368803125,0.4844827440474833,0.8847359989093823
93,10,-0.0555123859139575,0.6986392900523956,-1.0865069112338317
93,11,0.4206298829194256,0.5758842700085763,-1.2551091430579353
93,12,-0.3750860573757896,0.0204738362543763,-0.3346219148724452
93,13,0.9982463170646916,1.3248770909312917,0.0434767700186127
94,0,0.8213931567795554,0.4471143610838322,-2.228098352179021
94,1,1.6898949883291738,0.5708411205655476,-1.370767946956116
94,2,2.293958145857257,1.6851877769339267,-0.0510167830351265
94,3,-0.3862470521048793,-1.835729950801172,-1.2708288954549256
94,4,0.206311318203307,0.1657933899652187,-0.6906105662939496
94,5,1.0119966019837237,0.5183187006637313,-0.2543539918581979
94,6,1.2635011175901,0.328716694730473,-0.0684180503421304
94,7,1.172046520608407,0.3496902849057284,0.7550092383314608
94,8,0.8692989633227843,-0.3292116916301722,-0.1815434637848006
94,9,1.1789563969208396,0.7676373348817163,0.6785120471012775
94,10,1.2091481697028843,0.0593808218899003,-0.4987365968910219
94,11,0.9037143071542568,0.3777947375824257,1.4117004417000023
94,12,0.2285450979163551,-0.5032767087778005,0.5805137742214895
94,13,-0.5140633682321395,-1.607975109223161,-0.8674312983962089
95,0,1.331255089664095,0.5507315378156874,-1.2786642678336808
95,1,0.560886023562518,-0.3314080706035303,0.1248956808355499
95,2,1.499143694758465,0.8443463639663564,-1.0774341700754495
95,3,0.6392101930804592,-1.2020990008303345,-0.5610404908381829
95,4,0.1181090448790674,0.1903383965604968,1.1283231168788912
95,5,0.9059803099849444,0.1005659597684693,-0.255314127703215
95,6,0.1292932802351548,-1.0523514292736684,0.7440497773891775
95,7,0.2923003244849318,-0.4381009847341127,-0.0108696454131006
95,8,1.978500792507989,1.755691364864433,-0.9850815155977912
95,9,1.5871196816249675,0.0092737820584084,0.2043444778557044
95,10,2.848807315567228,1.1921057171903375,-0.5801480085428331
95,11,1.856121212607905,-0.0250592933496973,0.1261126958249975
95,12,0.6664749363502795,-1.7190398085427672,-0.8181796003056376
95,13,1.3426502876748083,0.4237620822636974,-0.3631221166589358
